set;alpha_l;beta_b;beta_l;rho_btol;rho_bfroml;rho_ltob;rho_lfromb;omega_2;omega_3;omega_6;LSQ;omega_1;omega
HOED;19.5035460573516;0.237188833165431;0.570866712970008;5.04581388272494;75.0803389847715;2.83475816474533;42.2783969246406;0.482335932090186;0.656624470004881;1.18854727807443;609.404116648434;0.31;0.76
MINI;37.3792952145022;0.490720769655148;0.415342976263692;3.03499070212222;70.2250121185792;11.3697066669309;36.5106578309923;0.519269278602015;0.837085115360202;1.43850307079729;2719.57240724311;0.19;1.12
KLCH;11.3999923220159;0.51172834831746;0.326724015498491;62.9329067825961;69.751471325712;8.09451687358549;39.8746771168943;0.423460874705069;0.664857188174415;1.69900655832207;1057.0805652851;0.3;1.15
VOSO;12.3452231129135;0.11019342179031;0.678899647656987;7.32591236092227e-05;75.6030643959141;11.675361514916;16.1702385615185;0.392505344856304;0.518357787472488;1.00231751426285;1882.66543955185;0.28;0.68
HEKA;32.788546085503;0.325933193825499;0.585392993952611;14.0409727112796;66.8064302691493;1.91750349981316;32.2371529738765;0.6861045935101;0.98865891084211;1.57949562961944;1466.66424791082;0.37;0.75
DIAN;0.417177598337046;0.0328416009589684;0.216054730867908;6.87259114941268;71.5414769414151;0.229859692140775;9.86942996520415;0.372068637189537;0.475835266913675;0.814046464639353;2102.67225305596;0.26;0.68
ZESI;5.57444031089889;0.191713010933355;0.545047554810559;59.7593266252009;74.9147629624784;3.62694957436386;44.8259193089186;0.559967417970956;0.860894877209608;2.38647460376674;2351.02508383215;0.37;0.99
SESV;64.9979065647015;0.593544669006851;0.0665563658757061;89.6584218558337;14.1722265985623;5.524675581878;97.5244350227475;0.673426931074658;0.587864929518074;0.551801354648317;2425.99343055581;0.58;-0.1
IGMA;17.8227261702769;0.316628215550314;0.502849096882586;9.18663528288645;72.8738913591752;0.000664746460240038;30.8238929831884;0.622123995447565;0.774305377188249;1.15671116300898;1688.7829050562;0.46;0.5
HAKA;24.9072476086327;0.509651186497895;0.357313936547136;21.0687264244051;75.0220093099297;23.5887267547628;40.8778620604568;0.503486111807606;0.677880858759851;1.52802333628042;3542.33009332449;0.47;0.66
HEAN;30.9997295945633;0.40637716693554;0.55355189763554;11.3485324359365;73.7128620158084;6.91324438208239;38.5086398731587;0.468095345642779;0.731925768345682;1.16460521752766;2286.80920324178;0.18;0.98
FRBR;13.6476043663271;0.458476243295197;0.346169458712981;10.6729065216999;71.6959668779909;2.38230502865114;45.0647242066079;0.498996676864253;0.93698249559149;1.92637663143031;3557.18984739578;0.12;1.53
ECGE;22.80483320097;0.303166806960838;0.553132408806766;4.7976592933743;69.0229426587238;0.760527839960505;33.199085947758;0.530567703920812;0.852582587380104;1.4459705159586;1568.2861000535;0.19;1.12
KAGA;78.3525785563302;0.637192871532198;0.379173955271845;15.2181218664815;23.6010206655454;0.000717711672634823;38.5753812552015;0.751635866884337;0.913477479973042;1.14515159668096;2567.90687887929;0.51;0.47
RUMA;63.8771164972043;0.433199334083337;0.557746462757279;8.90766168317063;69.7743185067736;6.62879208106144;38.1037341836281;0.584917560290223;0.888206119952291;1.16774053132609;1062.61248433059;0.21;1
SEIR;10.5888664582797;0.181047982592267;0.605380616550611;3.31040012413874;70.6341017560911;0.00185497415077145;13.8897710517457;0.486849231887419;0.720168730908232;1.39623258631743;5386.77871515874;0.05;1.96
JEGR;8.72720231274729;0.19560807646519;0.637456550744613;0.00229605160875989;77.2913513094298;2.00621157247409;14.0936043844262;0.524186270481053;0.664422389177622;1.24876444965683;2033.07402344277;0.43;0.64
STRE;35.4582203866628;0.272526857463203;0.433595629452383;2.88613551820267;65.717906587858;20.6684080619131;39.4108785279583;0.174693174155548;0.33377460366167;0.522855066266083;2117.07552411218;0.05;1.4
FRAL;40.9270600795233;0.393571218678084;0.595753378442503;2.19183099461612;68.2743749232718;25.6216572974574;6.26207853565919;1.0274216048421;1.40697757757267;2.02621269880416;1757.44061973169;0.56;0.65
THMA;21.5448356974861;0.291277419354392;0.517259559845233;14.33324182177;75.3171325083899;3.18927477871469;45.5807068209217;0.305928694198429;0.452262313080876;0.746952161629744;1278.90331574615;0.13;1.03
set_3;15.48;0.4;0.26;38.3;71.8;32.4;20;1.25;1.62;2.52;NA;0.8;0.64
set_4;50;0.65;0.65;30;30;10;10;NA;NA;NA;NA;0.8;0.9
priorset_1;20;0.5;0.5;50;50;15;15;NA;NA;NA;NA;0.5;0.5
priorset_2;19;0.31;0.66;59;53;10;5;NA;NA;NA;NA;0.86;0.87
priorset_3;40;0.6;0.4;5;25;10;15;NA;NA;NA;NA;0.7;0.9
priorset_4;50;0.65;0.65;30;50;15;10;NA;NA;NA;NA;0.8;0.9
priorset_5;2;0.1;0.1;20;60;10;20;NA;NA;NA;NA;0.22;1.2
